{"container":{"width":{"size":"46.875","unit":"%"},"background_background":"classic","border_radius":{"unit":"px","top":"7","right":"7","bottom":"7","left":"7","isLinked":"1"},"border_radius_mobile":{"unit":"px","top":"0","right":"0","bottom":"0","left":"0","isLinked":"1"},"margin":{"unit":"px","top":"0","right":"0","bottom":"0","left":"0","isLinked":""},"margin_mobile":{"unit":"px","top":"0","right":"0","bottom":"0","left":"0","isLinked":""},"padding":{"unit":"px","top":"20","right":"30","bottom":"20","left":"30","isLinked":""},"padding_mobile":{"unit":"px","top":"10","right":"20","bottom":"0","left":"020","isLinked":""},"content_width":"full","__globals__":{"background_color":"globals\/colors?id=19d66bdc"}},"eael-post-grid":[]}