{"content":[],"settings":{"template":"default","body_typography_font_size":{"unit":"px","size":20,"sizes":[]},"body_typography_font_weight":"normal","h1_typography_font_size":{"unit":"px","size":80,"sizes":[]},"h1_typography_font_size_mobile":{"unit":"px","size":44,"sizes":[]},"h4_color":"#333333","h4_typography_font_size":{"unit":"px","size":32,"sizes":[]},"h4_typography_font_weight":"bold","h2_typography_font_size":{"unit":"px","size":55,"sizes":[]},"h3_color":"#46962B","h3_typography_font_size":{"unit":"px","size":"41","sizes":[]},"h5_typography_font_size":{"unit":"px","size":"25","sizes":[]},"h6_typography_font_size":{"unit":"px","size":"25","sizes":[]},"h1_color":"#333333","h5_color":"#46962B","h5_typography_line_height":{"unit":"em","size":1.2,"sizes":[]},"h1_typography_font_size_tablet":{"unit":"px","size":"55","sizes":[]},"h2_typography_font_size_mobile":{"unit":"px","size":34,"sizes":[]},"h2_typography_font_weight":"normal","h3_typography_line_height":{"unit":"em","size":"1.5","sizes":[]},"h3_typography_font_size_mobile":{"unit":"px","size":"37","sizes":[]},"h4_typography_font_size_mobile":{"unit":"px","size":"34","sizes":[]},"h4_typography_line_height":{"unit":"em","size":"1.2","sizes":[]},"h6_color":"#333333","h6_typography_font_weight":"bold","h1_typography_line_height_mobile":{"unit":"em","size":1.1,"sizes":[]},"h2_typography_line_height_mobile":{"unit":"em","size":"1","sizes":[]},"h5_typography_line_height_mobile":{"unit":"em","size":"1.1","sizes":[]},"h2_typography_font_size_tablet":{"unit":"px","size":"38","sizes":[]},"image_hover_border_radius":{"unit":"px","top":"0","right":"0","bottom":"0","left":"0","isLinked":"1"},"container_width":{"unit":"px","size":1140,"sizes":[]},"default_generic_fonts":"Sans-serif","custom_colors":[{"_id":"2ad701a","title":"Schwarz","color":"#000"},{"_id":"19d66bdc","title":"Weiss","color":"#FFF"},{"_id":"2917cd6","title":"Sand","color":"#F5F1E9"},{"_id":"abc79c8","title":"Button","color":"#3C8025"}],"system_colors":[{"_id":"primary","title":"Primary","color":"#005437"},{"_id":"secondary","title":"Sekund\u00e4re","color":"#008939"},{"_id":"text","title":"Text","color":"#333333"},{"_id":"accent","title":"Accent","color":"#8ABD24"}],"system_typography":[{"_id":"primary","title":"Primary","typography_font_family":"gruenetype","typography_typography":"custom","typography_font_size":{"unit":"px","size":55,"sizes":[]}},{"_id":"secondary","title":"Sekund\u00e4re","typography_font_family":"gruenetype","typography_font_weight":"400","typography_typography":"custom","typography_font_size":{"unit":"px","size":35,"sizes":[]}},{"_id":"text","title":"Text","typography_font_weight":"400","typography_typography":"custom"},{"_id":"accent","title":"Accent","typography_font_weight":"500","typography_typography":"custom"}],"custom_typography":[],"page_title_selector":"h1.entry-title","body_typography_line_height":{"unit":"em","size":1.6,"sizes":[]},"h1_typography_font_family":"gruenetype","h2_typography_font_family":"gruenetype","h3_typography_font_family":"gruenetype","h4_typography_font_family":"Arvo","h5_typography_font_family":"Arvo","h5_typography_font_weight":"normal","h6_typography_font_family":"PT Sans","__globals__":{"link_hover_color":"","link_normal_color":"","body_background_color":"globals\/colors?id=19d66bdc","h2_color":""},"global_image_lightbox":"","body_color":"#333333","activeItemIndex":1,"h3_typography_font_weight":"bold","h3_typography_letter_spacing":{"unit":"px","size":1,"sizes":[]},"h4_typography_letter_spacing":{"unit":"px","size":1,"sizes":[]},"body_typography_font_size_mobile":{"unit":"px","size":18,"sizes":[]},"body_background_background":"classic","viewport_md":768,"viewport_lg":1025,"h2_typography_typography":"custom","h1_typography_typography":"custom","h3_typography_typography":"custom","colors_enable_styleguide_preview":"yes","typography_enable_styleguide_preview":"yes","body_typography_typography":"custom","h2_color":"#333333","body_background_color":"#FFF"},"metadata":[]}