{"content":[{"id":"187947af","settings":{"flex_direction":"row","flex_gap":{"unit":"px","size":0,"column":"0","row":"0","isLinked":true},"boxed_width":{"unit":"px","size":800,"sizes":[]},"margin":{"unit":"px","top":"0","right":"0","bottom":"0","left":"0","isLinked":false},"padding":{"unit":"px","top":"50","right":"0","bottom":"50","left":"0","isLinked":false},"padding_mobile":{"unit":"px","top":"35","right":"20","bottom":"0","left":"20","isLinked":false},"padding_tablet":{"unit":"px","top":"50","right":"35","bottom":"20","left":"35","isLinked":false}},"elements":[{"id":"3d952481","settings":{"flex_direction":"column","content_width":"full","width":{"unit":"%","size":41},"flex_justify_content":"center","margin":{"unit":"px","top":"0","right":"0","bottom":"0","left":"0","isLinked":false},"padding":{"unit":"px","top":"0","right":"0","bottom":"0","left":"0","isLinked":false},"_flex_size":"none","_element_width":"initial"},"elements":[{"id":"4d4bb6f9","settings":{"_column_size":50,"width":{"size":100,"unit":"%"},"margin":{"unit":"px","top":"0","right":"0","bottom":"0","left":"0","isLinked":false},"padding":{"unit":"px","top":"0","right":"0","bottom":"0","left":"0","isLinked":false},"margin_mobile":{"unit":"px","top":"0","right":"0","bottom":"20","left":"0","isLinked":false},"padding_mobile":{"unit":"px","top":"0","right":"0","bottom":"0","left":"0","isLinked":false},"content_width":"full","flex_align_items_tablet":"center","flex_align_items_mobile":"flex-start","padding_tablet":{"unit":"px","top":"0","right":"0","bottom":"20","left":"0","isLinked":false}},"elements":[{"id":"57817507","settings":{"title":"\u00dcber Mich","align_mobile":"center"},"elements":[],"isInner":false,"widgetType":"heading","elType":"widget"}],"isInner":true,"elType":"container"}],"isInner":true,"elType":"container"},{"id":"4880fc30","settings":{"flex_direction":"column","content_width":"full","width":{"unit":"%","size":"50"},"margin_mobile":{"unit":"px","top":"0","right":"0","bottom":"0","left":"0","isLinked":false},"padding_mobile":{"unit":"px","top":"0","right":"0","bottom":"0","left":"0","isLinked":false}},"elements":[{"id":"2b944f43","settings":{"editor":"<p>Ich trete als Kandidatin von B\u00fcndnis 90 Die Gr\u00fcnen f\u00fcr das Musterparlament an. Meine Verbundenheit zur Natur ist tief in mir verwurzelt, und ich setze mich leidenschaftlich f\u00fcr umweltfreundliche Politik und den Schutz unserer nat\u00fcrlichen Ressourcen ein.\u00a0<\/p>"},"elements":[],"isInner":false,"widgetType":"text-editor","elType":"widget"}],"isInner":true,"elType":"container"}],"isInner":false,"elType":"container"},{"id":"1eb00cf3","settings":{"boxed_width":{"unit":"px","size":800,"sizes":[]},"margin":{"unit":"px","top":"0","right":"0","bottom":"0","left":"0","isLinked":false},"padding":{"unit":"px","top":"0","right":"0","bottom":"50","left":"0","isLinked":false},"padding_mobile":{"unit":"px","top":"20","right":"10","bottom":"20","left":"10","isLinked":false},"flex_direction":"row","flex_align_items":"stretch","flex_gap":{"size":10,"column":"10","row":"10","unit":"px"},"padding_tablet":{"unit":"px","top":"0","right":"35","bottom":"0","left":"35","isLinked":false}},"elements":[{"id":"676de960","settings":{"_column_size":100,"width":{"size":null,"unit":"%"},"content_width":"full","margin_mobile":{"unit":"px","top":"0","right":"0","bottom":"0","left":"0","isLinked":false},"padding_mobile":{"unit":"px","top":"0","right":"0","bottom":"0","left":"0","isLinked":false},"margin_tablet":{"unit":"px","top":"0","right":"0","bottom":"0","left":"0","isLinked":false},"padding_tablet":{"unit":"px","top":"0","right":"0","bottom":"0","left":"0","isLinked":false}},"elements":[{"id":"63dc6ad5","settings":{"image":{"id":248,"url":"https:\/\/person.webbegruenung.de\/wp-content\/uploads\/2023\/10\/marcel-strauss-0CMmi1HcfqQ-unsplash-scaled.jpg","alt":"","source":"library","size":""},"width":{"unit":"%","size":90,"sizes":[]},"height":{"unit":"px","size":439,"sizes":[]},"object-fit":"cover","image_border_radius":{"unit":"px","top":"5","right":"5","bottom":"5","left":"5","isLinked":true},"width_tablet":{"unit":"%","size":100,"sizes":[]},"_margin_tablet":{"unit":"px","top":"0","right":"0","bottom":"0","left":"0","isLinked":false},"_padding_tablet":{"unit":"px","top":"0","right":"0","bottom":"0","left":"0","isLinked":false}},"elements":[],"isInner":false,"widgetType":"image","elType":"widget"}],"isInner":true,"elType":"container"}],"isInner":false,"elType":"container"},{"id":"219427fd","settings":{"flex_direction":"row","flex_gap":{"unit":"px","size":0,"column":"0","row":"0","isLinked":true},"boxed_width":{"unit":"px","size":800,"sizes":[]},"margin":{"unit":"px","top":"0","right":"0","bottom":"0","left":"0","isLinked":false},"padding":{"unit":"px","top":"0","right":"0","bottom":"0","left":"0","isLinked":false},"padding_mobile":{"unit":"px","top":"0","right":"20","bottom":"0","left":"20","isLinked":false},"padding_tablet":{"unit":"px","top":"50","right":"35","bottom":"20","left":"35","isLinked":false},"flex_direction_tablet":"row"},"elements":[{"id":"12fbee7c","settings":{"flex_direction":"column","content_width":"full","width":{"unit":"%","size":41},"flex_justify_content":"center","margin":{"unit":"px","top":"0","right":"0","bottom":"0","left":"0","isLinked":false},"padding":{"unit":"px","top":"0","right":"0","bottom":"0","left":"0","isLinked":false},"_flex_size":"none","_element_width":"initial"},"elements":[{"id":"b953db3","settings":{"_column_size":50,"width":{"size":100,"unit":"%"},"margin":{"unit":"px","top":"0","right":"0","bottom":"0","left":"0","isLinked":false},"padding":{"unit":"px","top":"0","right":"0","bottom":"0","left":"0","isLinked":false},"margin_mobile":{"unit":"px","top":"0","right":"0","bottom":"20","left":"0","isLinked":false},"padding_mobile":{"unit":"px","top":"0","right":"0","bottom":"0","left":"0","isLinked":false},"content_width":"full","flex_align_items_tablet":"center","flex_align_items_mobile":"flex-start","padding_tablet":{"unit":"px","top":"0","right":"0","bottom":"20","left":"0","isLinked":false}},"elements":[{"id":"1a911f9e","settings":{"title":"Hier eine \u00dcberschrift","align_mobile":"center"},"elements":[],"isInner":false,"widgetType":"heading","elType":"widget"}],"isInner":true,"elType":"container"}],"isInner":true,"elType":"container"},{"id":"1116e530","settings":{"flex_direction":"column","content_width":"full","width":{"unit":"%","size":"50"},"margin_mobile":{"unit":"px","top":"0","right":"0","bottom":"0","left":"0","isLinked":false},"padding_mobile":{"unit":"px","top":"0","right":"0","bottom":"0","left":"0","isLinked":false}},"elements":[{"id":"1222b06f","settings":{"editor":"<p>Ich bin seit 2015 Parteimitglied der Gr\u00fcnen. Bis 2018 war ich sachkundiger B\u00fcrger in Detmold und im Kreis Lippe und \u00fcbernahm 2017 die Rolle des Online-Wahlkampfmanagers f\u00fcr die Gr\u00fcnen im Kreis Lippe. Im Jahr 2018 arbeitetet ich im Bereich \u00d6ffentlichkeitsarbeit und Online-Kommunikation f\u00fcr die Gr\u00fcnen in NRW. Von 2019 bis 2022 leitete ich das Wahlkreisb\u00fcro Bonn von Alexandra Geese, Mitglied des Europ\u00e4ischen Parlaments. 2020 trat ich als Direktwahlkandidat f\u00fcr die Gr\u00fcnen in Sankt Augustin an und seit 2021 bin ich Kreisvorsitzender der Gr\u00fcnen im Rhein-Sieg-Kreis.<\/p>"},"elements":[],"isInner":false,"widgetType":"text-editor","elType":"widget"}],"isInner":true,"elType":"container"}],"isInner":false,"elType":"container"},{"id":"53f874b2","settings":{"flex_direction":"row","flex_gap":{"unit":"px","size":0,"column":"0","row":"0","isLinked":true},"boxed_width":{"unit":"px","size":800,"sizes":[]},"margin":{"unit":"px","top":"0","right":"0","bottom":"0","left":"0","isLinked":false},"padding":{"unit":"px","top":"0","right":"0","bottom":"0","left":"0","isLinked":false},"padding_mobile":{"unit":"px","top":"0","right":"20","bottom":"0","left":"20","isLinked":false},"padding_tablet":{"unit":"px","top":"0","right":"35","bottom":"0","left":"35","isLinked":false},"flex_direction_tablet":"row"},"elements":[{"id":"681ad51f","settings":{"flex_direction":"column","content_width":"full","width":{"unit":"%","size":41},"flex_justify_content":"center","margin":{"unit":"px","top":"0","right":"0","bottom":"0","left":"0","isLinked":false},"padding":{"unit":"px","top":"0","right":"0","bottom":"0","left":"0","isLinked":false},"_flex_size":"none","_element_width":"initial"},"elements":[{"id":"78188770","settings":{"_column_size":50,"width":{"size":100,"unit":"%"},"margin":{"unit":"px","top":"0","right":"0","bottom":"0","left":"0","isLinked":false},"padding":{"unit":"px","top":"0","right":"0","bottom":"0","left":"0","isLinked":false},"margin_mobile":{"unit":"px","top":"0","right":"0","bottom":"20","left":"0","isLinked":false},"padding_mobile":{"unit":"px","top":"0","right":"0","bottom":"0","left":"0","isLinked":false},"content_width":"full","flex_align_items_tablet":"center","flex_align_items_mobile":"flex-start","padding_tablet":{"unit":"px","top":"0","right":"0","bottom":"20","left":"0","isLinked":false}},"elements":[{"id":"26f7a268","settings":{"title":"Und noch eine \u00dcberschrift","align_mobile":"left"},"elements":[],"isInner":false,"widgetType":"heading","elType":"widget"}],"isInner":true,"elType":"container"}],"isInner":true,"elType":"container"},{"id":"488fc088","settings":{"flex_direction":"column","content_width":"full","width":{"unit":"%","size":"50"},"padding_mobile":{"unit":"px","top":"0","right":"0","bottom":"0","left":"0","isLinked":false}},"elements":[{"id":"b2593a9","settings":{"editor":"<p>Ich bin seit 2015 Parteimitglied der Gr\u00fcnen. Bis 2018 war ich sachkundiger B\u00fcrger in Detmold und im Kreis Lippe und \u00fcbernahm 2017 die Rolle des Online-Wahlkampfmanagers f\u00fcr die Gr\u00fcnen im Kreis Lippe. Im Jahr 2018 arbeitetet ich im Bereich \u00d6ffentlichkeitsarbeit und Online-Kommunikation f\u00fcr die Gr\u00fcnen in NRW. Von 2019 bis 2022 leitete ich das Wahlkreisb\u00fcro Bonn von Alexandra Geese, Mitglied des Europ\u00e4ischen Parlaments. 2020 trat ich als Direktwahlkandidat f\u00fcr die Gr\u00fcnen in Sankt Augustin an und seit 2021 bin ich Kreisvorsitzender der Gr\u00fcnen im Rhein-Sieg-Kreis.<\/p>"},"elements":[],"isInner":false,"widgetType":"text-editor","elType":"widget"}],"isInner":true,"elType":"container"}],"isInner":false,"elType":"container"},{"id":"50dcf4ea","settings":{"boxed_width":{"unit":"px","size":800,"sizes":[]},"margin":{"unit":"px","top":"50","right":0,"bottom":"50","left":0,"isLinked":false},"padding":{"unit":"px","top":"0","right":"0","bottom":"0","left":"0","isLinked":false},"padding_mobile":{"unit":"px","top":"0","right":"10","bottom":"0","left":"10","isLinked":false},"flex_direction":"row","flex_align_items":"stretch","flex_gap":{"size":10,"column":"10","row":"10","unit":"px"},"margin_tablet":{"unit":"px","top":"0","right":"0","bottom":"0","left":"0","isLinked":false},"padding_tablet":{"unit":"px","top":"0","right":"20","bottom":"0","left":"20","isLinked":false}},"elements":[{"id":"631ce88c","settings":{"_column_size":100,"width":{"size":null,"unit":"%"},"content_width":"full","margin_mobile":{"unit":"px","top":"0","right":"0","bottom":"0","left":"0","isLinked":false},"padding_mobile":{"unit":"px","top":"0","right":"0","bottom":"0","left":"0","isLinked":false}},"elements":[{"id":"7d72fe7","settings":{"image":{"id":230,"url":"https:\/\/person.webbegruenung.de\/wp-content\/uploads\/2023\/10\/jehu-christan-H6qHAfbss4c-unsplash-scaled.jpg","alt":"","source":"library","size":""},"width":{"unit":"%","size":90,"sizes":[]},"height":{"unit":"px","size":439,"sizes":[]},"object-fit":"cover","image_border_radius":{"unit":"px","top":"5","right":"5","bottom":"5","left":"5","isLinked":true},"_margin_mobile":{"unit":"px","top":"0","right":"0","bottom":"0","left":"0","isLinked":false},"_padding_mobile":{"unit":"px","top":"0","right":"0","bottom":"0","left":"0","isLinked":false},"width_tablet":{"unit":"%","size":100,"sizes":[]}},"elements":[],"isInner":false,"widgetType":"image","elType":"widget"}],"isInner":true,"elType":"container"}],"isInner":false,"elType":"container"},{"id":"1233d954","settings":{"flex_direction":"row","flex_gap":{"unit":"px","size":0,"column":"0","row":"0","isLinked":true},"boxed_width":{"unit":"px","size":800,"sizes":[]},"margin":{"unit":"px","top":"0","right":"0","bottom":"0","left":"0","isLinked":false},"padding":{"unit":"px","top":"0","right":"0","bottom":"100","left":"0","isLinked":false},"padding_mobile":{"unit":"px","top":"20","right":"020","bottom":"035","left":"20","isLinked":false},"padding_tablet":{"unit":"px","top":"035","right":"35","bottom":"50","left":"35","isLinked":false},"flex_direction_tablet":"row"},"elements":[{"id":"4bffda79","settings":{"flex_direction":"column","content_width":"full","width":{"unit":"%","size":41},"flex_justify_content":"center","margin":{"unit":"px","top":"0","right":"0","bottom":"0","left":"0","isLinked":false},"padding":{"unit":"px","top":"0","right":"0","bottom":"0","left":"0","isLinked":false},"_flex_size":"none","_element_width":"initial"},"elements":[{"id":"2d03165d","settings":{"_column_size":50,"width":{"size":100,"unit":"%"},"margin":{"unit":"px","top":"0","right":"0","bottom":"0","left":"0","isLinked":false},"padding":{"unit":"px","top":"0","right":"0","bottom":"0","left":"0","isLinked":false},"margin_mobile":{"unit":"px","top":"0","right":"0","bottom":"20","left":"0","isLinked":false},"padding_mobile":{"unit":"px","top":"0","right":"0","bottom":"0","left":"0","isLinked":false},"content_width":"full","flex_align_items_mobile":"flex-start"},"elements":[{"id":"5d28f7c7","settings":{"title":"\u00c4mter und Positionen","align_mobile":"center"},"elements":[],"isInner":false,"widgetType":"heading","elType":"widget"}],"isInner":true,"elType":"container"}],"isInner":true,"elType":"container"},{"id":"1f730466","settings":{"flex_direction":"column","content_width":"full","width":{"unit":"%","size":"50"},"flex_justify_content":"center","margin_mobile":{"unit":"px","top":"0","right":"0","bottom":"0","left":"0","isLinked":false},"padding_mobile":{"unit":"px","top":"0","right":"0","bottom":"0","left":"0","isLinked":false}},"elements":[{"id":"3195a890","settings":{"editor":"<ul><li>Kreisvorsitzender Gr\u00fcne Rhein-Sieg<\/li><li>Delegierter f\u00fcr BDK, LDK, L\u00e4nderrat<\/li><\/ul>"},"elements":[],"isInner":false,"widgetType":"text-editor","elType":"widget"}],"isInner":true,"elType":"container"}],"isInner":false,"elType":"container"},{"id":"fa7082e","settings":{"flex_direction":"row","flex_gap":{"unit":"px","size":0,"column":"0","row":"0","isLinked":true},"boxed_width":{"unit":"px","size":800,"sizes":[]},"background_background":"classic","margin":{"unit":"px","top":"0","right":"0","bottom":"0","left":"0","isLinked":false},"padding":{"unit":"px","top":"100","right":"0","bottom":"100","left":"0","isLinked":false},"__globals__":{"background_color":"globals\/colors?id=2917cd6"},"padding_tablet":{"unit":"px","top":"35","right":"20","bottom":"035","left":"20","isLinked":false},"padding_mobile":{"unit":"px","top":"35","right":"20","bottom":"35","left":"20","isLinked":false}},"elements":[{"id":"538023f6","settings":{"flex_direction":"column","content_width":"full","width":{"unit":"%","size":"50"},"margin_mobile":{"unit":"px","top":"0","right":"0","bottom":"0","left":"0","isLinked":false},"padding_mobile":{"unit":"px","top":"0","right":"0","bottom":"20","left":"0","isLinked":false},"flex_align_items_mobile":"flex-start"},"elements":[{"id":"2edfac01","settings":{"title":"Kontakt","align_mobile":"center"},"elements":[],"isInner":false,"widgetType":"heading","elType":"widget"}],"isInner":true,"elType":"container"},{"id":"582058a","settings":{"_column_size":50,"width":{"size":60,"unit":"%"},"margin":{"unit":"px","top":"01","right":"30","bottom":"0","left":"10","isLinked":false},"padding":{"unit":"px","top":"0","right":"0","bottom":"0","left":"0","isLinked":false},"margin_mobile":{"unit":"px","top":"0","right":"0","bottom":"0","left":"0","isLinked":false},"padding_mobile":{"unit":"px","top":"0","right":"0","bottom":"0","left":"0","isLinked":false},"content_width":"full","flex_align_items_mobile":"flex-start"},"elements":[{"id":"37abbc26","settings":{"social_icon_list":[{"social_icon":{"value":"fab fa-twitter","library":"fa-brands"},"_id":"da7f56d","link":{"url":"https:\/\/twitter.com\/moritzwaech","is_external":"true","nofollow":"","custom_attributes":""}},{"_id":"0bc398f","social_icon":{"value":"fas fa-envelope","library":"fa-solid"},"link":{"url":"mailto:moritz.waechter@gruene-rhein-sieg.de","is_external":"true","nofollow":"","custom_attributes":""}},{"_id":"482e63e","social_icon":{"value":"fas fa-link","library":"fa-solid"},"link":{"url":"https:\/\/moritz-waechter.de","is_external":"true","nofollow":"","custom_attributes":""}}],"shape":"circle","align":"left","icon_color":"custom","__globals__":{"icon_primary_color":"globals\/colors?id=primary","icon_secondary_color":"globals\/colors?id=19d66bdc","image_border_color":"globals\/colors?id=primary"},"icon_secondary_color":"#000","icon_size":{"unit":"px","size":31,"sizes":[]},"icon_spacing":{"unit":"px","size":26,"sizes":[]},"image_border_border":"none","image_border_color":"#145F32","border_radius":{"unit":"px","top":"40","right":"40","bottom":"40","left":"40","isLinked":true},"_margin":{"unit":"px","top":"0","right":"0","bottom":"0","left":"-26","isLinked":false},"_padding":{"unit":"px","top":"0","right":"0","bottom":"0","left":"-26","isLinked":false},"icon_size_mobile":{"unit":"px","size":21,"sizes":[]},"icon_spacing_mobile":{"unit":"px","size":12,"sizes":[]},"_margin_mobile":{"unit":"px","top":"0","right":"0","bottom":"0","left":"0","isLinked":false},"_padding_mobile":{"unit":"px","top":"0","right":"0","bottom":"0","left":"0","isLinked":false},"_flex_align_self_mobile":"flex-start"},"elements":[],"isInner":false,"widgetType":"social-icons","elType":"widget"}],"isInner":true,"elType":"container"}],"isInner":false,"elType":"container"}],"settings":{"template":"elementor_header_footer","background_background":"classic","__globals__":{"background_color":"globals\/colors?id=19d66bdc"}},"metadata":{"cmplz_hide_cookiebanner":"","wptr_hide_title":"0"}}