{"content":[{"id":"50578929","settings":{"flex_direction":"column","boxed_width":{"unit":"px","size":900,"sizes":[]},"background_background":"classic","margin":{"unit":"px","top":"0","right":"0","bottom":"0","left":"0","isLinked":false},"padding":{"unit":"px","top":"100","right":"0","bottom":"100","left":"0","isLinked":false},"__globals__":{"background_color":"globals\/colors?id=b8d1b1e"},"padding_tablet":{"unit":"px","top":"100","right":"20","bottom":"100","left":"20","isLinked":false},"padding_mobile":{"unit":"px","top":"035","right":"20","bottom":"35","left":"20","isLinked":false}},"elements":[{"id":"2ca8d077","settings":{"title":"Impressum","__globals__":{"title_color":"globals\/colors?id=text"},"typography_font_size":{"unit":"px","size":55,"sizes":[]},"typography_font_size_mobile":{"unit":"px","size":40,"sizes":[]}},"elements":[],"isInner":false,"widgetType":"heading","elType":"widget"}],"isInner":false,"elType":"container"},{"id":"3916ca0d","settings":{"boxed_width":{"unit":"px","size":800,"sizes":[]},"margin":{"unit":"px","top":"0","right":0,"bottom":"0","left":0,"isLinked":false},"padding":{"unit":"px","top":"50","right":"0","bottom":"50","left":"0","isLinked":false},"padding_mobile":{"unit":"px","top":"20","right":"10","bottom":"20","left":"10","isLinked":false},"background_background":"classic","__globals__":{"background_color":"globals\/colors?id=19d66bdc"},"flex_direction":"row","flex_align_items":"stretch","flex_gap":{"size":10,"unit":"px"},"padding_tablet":{"unit":"px","top":"0","right":"0","bottom":"50","left":"20","isLinked":false}},"elements":[{"id":"1a9e1e7a","settings":{"_column_size":100,"width":{"size":null,"unit":"%"},"content_width":"full"},"elements":[{"id":"7097e2d1","settings":{"editor":"<p><strong>Angaben gem\u00e4\u00df \u00a7 5 TMG<\/strong><\/p><p>Moritz W\u00e4chter<br \/>Villestr 6-8<br \/>53347 Alfter<\/p><p><strong>Vertreten durch:<\/strong><br \/>Moritz W\u00e4chter<\/p><p><strong>Kontakt<\/strong>:<br \/>Telefon: 0176-64168661<br \/>E-Mail: Info@moritz-waechter.de<\/p>"},"elements":[],"isInner":false,"widgetType":"text-editor","elType":"widget"}],"isInner":true,"elType":"container"}],"isInner":false,"elType":"container"}],"settings":{"template":"elementor_header_footer"},"metadata":{"classic-editor-remember":"block-editor","wptr_hide_title":"0","stackable_optimized_css":"","stackable_optimized_css_raw":"a:0:{}"}}