{"content":[{"id":"4fc3906a","settings":{"flex_direction":"column","boxed_width":{"unit":"px","size":900,"sizes":[]},"background_background":"classic","margin":{"unit":"px","top":"0","right":"0","bottom":"0","left":"0","isLinked":false},"padding":{"unit":"px","top":"075","right":"0","bottom":"50","left":"0","isLinked":false},"__globals__":{"background_color":"globals\/colors?id=2917cd6","background_color_b":"globals\/colors?id=19d66bdc"},"padding_tablet":{"unit":"px","top":"100","right":"20","bottom":"100","left":"20","isLinked":false},"padding_mobile":{"unit":"px","top":"035","right":"20","bottom":"35","left":"20","isLinked":false},"background_color_stop":{"unit":"%","size":89,"sizes":[]},"background_color_b":"#FFF"},"elements":[{"id":"388a6af7","settings":{"title":"Gib hier deine \u00dcberschrift ein","__globals__":{"title_color":"globals\/colors?id=primary"},"typography_typography":"custom","typography_font_family":"gruenetype","typography_font_size":{"unit":"px","size":55,"sizes":[]}},"elements":[],"isInner":false,"widgetType":"heading","elType":"widget"},{"id":"42447c79","settings":{"width":{"unit":"%","size":19,"sizes":[]},"text":"Trenner","weight":{"unit":"px","size":6.6,"sizes":[]},"__globals__":{"color":"globals\/colors?id=primary"},"_margin":{"unit":"px","top":"0","right":"0","bottom":"0","left":"0","isLinked":false},"_padding":{"unit":"px","top":"0","right":"0","bottom":"0","left":"20","isLinked":false}},"elements":[],"isInner":false,"widgetType":"divider","elType":"widget"}],"isInner":false,"elType":"container"},{"id":"2f38aaff","settings":{"boxed_width":{"unit":"px","size":900,"sizes":[]},"background_background":"classic","margin_tablet":{"unit":"px","top":"0","right":0,"bottom":"0","left":0,"isLinked":false},"padding_tablet":{"unit":"px","top":"0","right":"30","bottom":"0","left":"30","isLinked":false},"padding_mobile":{"unit":"px","top":"35","right":"20","bottom":"0","left":"20","isLinked":false},"margin":{"unit":"px","top":"0","right":0,"bottom":"0","left":0,"isLinked":false},"padding":{"unit":"px","top":"50","right":"0","bottom":"0","left":"0","isLinked":false},"__globals__":{"background_color":"globals\/colors?id=19d66bdc"},"__dynamic__":[],"min_height":{"unit":"px","size":180,"sizes":[]},"background_position":"center center","background_size":"cover","min_height_mobile":{"unit":"px","size":172,"sizes":[]},"flex_direction":"row","flex_align_items":"stretch","flex_gap":{"size":10,"unit":"px"}},"elements":[{"id":"1dd00ee5","settings":{"_column_size":100,"width":{"size":null,"unit":"%"},"margin":{"unit":"px","top":"0","right":"0","bottom":"0","left":"0","isLinked":false},"padding":{"unit":"px","top":"0","right":"0","bottom":"0","left":"0","isLinked":false},"background_background":"classic","__globals__":{"background_color":""},"content_width":"full"},"elements":[{"id":"3ad407b7","settings":{"editor":"<p>Diese Seite ist eine Musterinhalts-Seite. Hier kannst du alles einf\u00fcgen, was du magst und brauchst. Deine Themen, Ideen, Aktionen etc.<\/p>"},"elements":[],"isInner":false,"widgetType":"text-editor","elType":"widget"}],"isInner":true,"elType":"container"}],"isInner":false,"elType":"container"},{"id":"417e501d","settings":{"boxed_width":{"unit":"px","size":800,"sizes":[]},"margin":{"unit":"px","top":"0","right":0,"bottom":"0","left":0,"isLinked":false},"padding":{"unit":"px","top":"0","right":"0","bottom":"50","left":"0","isLinked":false},"padding_mobile":{"unit":"px","top":"20","right":"10","bottom":"20","left":"10","isLinked":false},"background_background":"classic","__globals__":{"background_color":"globals\/colors?id=19d66bdc"},"flex_direction":"row","flex_align_items":"stretch","flex_gap":{"size":10,"unit":"px"},"padding_tablet":{"unit":"px","top":"0","right":"0","bottom":"50","left":"20","isLinked":false}},"elements":[{"id":"47f04762","settings":{"_column_size":100,"width":{"size":null,"unit":"%"},"content_width":"full"},"elements":[{"id":"4a6c1317","settings":{"editor":"<p>Lorem ipsum dolor sit amet, consetetur sadipscing elitr, sed diam nonumy eirmod tempor invidunt ut labore et dolore magna aliquyam erat, sed diam voluptua. At vero eos et accusam et justo duo dolores et ea rebum. Stet clita kasd gubergren, no sea takimata sanctus est Lorem ipsum dolor sit amet. Lorem ipsum dolor sit amet, consetetur sadipscing elitr, sed diam nonumy eirmod tempor invidunt ut labore et dolore magna aliquyam erat, sed diam voluptua. At vero eos et accusam et justo duo dolores et ea rebum. Stet clita kasd gubergren, no sea takimata sanctus est Lorem ipsum dolor sit amet.<\/p>"},"elements":[],"isInner":false,"widgetType":"text-editor","elType":"widget"},{"id":"d8c47f8","settings":{"image":{"id":75,"url":"https:\/\/person.webbegruenung.de\/wp-content\/uploads\/2023\/04\/mika-baumeister-bnuFRiQDYIM-unsplash-scaled-1.jpg"}},"elements":[],"isInner":false,"widgetType":"image","elType":"widget"},{"id":"37f7c069","settings":{"editor":"<p>Lorem ipsum dolor sit amet, consetetur sadipscing elitr, sed diam nonumy eirmod tempor invidunt ut labore et dolore magna aliquyam erat, sed diam voluptua. At vero eos et accusam et justo duo dolores et ea rebum. Stet clita kasd gubergren, no sea takimata sanctus est Lorem ipsum dolor sit amet. Lorem ipsum dolor sit amet, consetetur sadipscing elitr, sed diam nonumy eirmod tempor invidunt ut labore et dolore magna aliquyam erat, sed diam voluptua. At vero eos et accusam et justo duo dolores et ea rebum. Stet clita kasd gubergren, no sea takimata sanctus est Lorem ipsum dolor sit amet.<\/p>"},"elements":[],"isInner":false,"widgetType":"text-editor","elType":"widget"},{"id":"66b888d","settings":{"editor":"<p>Lorem ipsum dolor sit amet, consetetur sadipscing elitr, sed diam nonumy eirmod tempor invidunt ut labore et dolore magna aliquyam erat, sed diam voluptua. At vero eos et accusam et justo duo dolores et ea rebum. Stet clita kasd gubergren, no sea takimata sanctus est Lorem ipsum dolor sit amet. Lorem ipsum dolor sit amet, consetetur sadipscing elitr, sed diam nonumy eirmod tempor invidunt ut labore et dolore magna aliquyam erat, sed diam voluptua. At vero eos et accusam et justo duo dolores et ea rebum. Stet clita kasd gubergren, no sea takimata sanctus est Lorem ipsum dolor sit amet.<\/p>"},"elements":[],"isInner":false,"widgetType":"text-editor","elType":"widget"}],"isInner":true,"elType":"container"}],"isInner":false,"elType":"container"}],"settings":{"template":"elementor_header_footer"},"metadata":{"cmplz_hide_cookiebanner":""}}