{"content":[{"id":"9df2527","settings":{"flex_direction":"column","boxed_width":{"unit":"px","size":900,"sizes":[]},"background_background":"classic","margin":{"unit":"px","top":"0","right":"0","bottom":"0","left":"0","isLinked":false},"padding":{"unit":"px","top":"100","right":"0","bottom":"50","left":"0","isLinked":false},"__globals__":{"background_color":"globals\/colors?id=2917cd6"},"padding_tablet":{"unit":"px","top":"100","right":"20","bottom":"100","left":"20","isLinked":false},"padding_mobile":{"unit":"px","top":"035","right":"20","bottom":"35","left":"20","isLinked":false}},"elements":[{"id":"687bd55b","settings":{"title":"Datenschutzerkl\u00e4rung","__globals__":{"title_color":"globals\/colors?id=text"},"typography_typography":"custom","typography_font_size":{"unit":"px","size":55,"sizes":[]},"typography_font_size_mobile":{"unit":"px","size":40,"sizes":[]}},"elements":[],"isInner":false,"widgetType":"heading","elType":"widget"}],"isInner":false,"elType":"container"},{"id":"167a4900","settings":{"flex_direction":"column","boxed_width":{"unit":"px","size":900,"sizes":[]},"flex_align_items":"flex-end","background_background":"classic","__globals__":{"background_color":"globals\/colors?id=2917cd6"}},"elements":[{"id":"d6ff4b9","settings":{"editor":"<p><a href=\"https:\/\/person.webbegruenung.de\/\">Zur\u00fcck zur Startseite.<\/a><\/p>","__globals__":{"text_color":"globals\/colors?id=19d66bdc"}},"elements":[],"isInner":false,"widgetType":"text-editor","elType":"widget"}],"isInner":false,"elType":"container"},{"id":"5a56948d","settings":{"boxed_width":{"unit":"px","size":900,"sizes":[]},"background_background":"classic","margin_tablet":{"unit":"px","top":"0","right":0,"bottom":"0","left":0,"isLinked":false},"padding_tablet":{"unit":"px","top":"0","right":"30","bottom":"0","left":"30","isLinked":false},"padding_mobile":{"unit":"px","top":"35","right":"20","bottom":"0","left":"20","isLinked":false},"margin":{"unit":"px","top":"0","right":0,"bottom":"0","left":0,"isLinked":false},"padding":{"unit":"px","top":"50","right":"0","bottom":"0","left":"0","isLinked":false},"__globals__":{"background_color":"globals\/colors?id=19d66bdc"},"__dynamic__":[],"min_height":{"unit":"px","size":180,"sizes":[]},"background_position":"center center","background_size":"cover","min_height_mobile":{"unit":"px","size":172,"sizes":[]},"flex_direction":"row","flex_align_items":"stretch","flex_gap":{"size":10,"unit":"px"}},"elements":[{"id":"608626d4","settings":{"_column_size":100,"width":{"size":null,"unit":"%"},"margin":{"unit":"px","top":"0","right":"0","bottom":"0","left":"0","isLinked":false},"padding":{"unit":"px","top":"0","right":"0","bottom":"0","left":"0","isLinked":false},"background_background":"classic","__globals__":{"background_color":""},"content_width":"full"},"elements":[{"id":"3234ceef","settings":{"editor":"<p>Der Schutz Deiner pers\u00f6nlichen Daten ist uns ein besonderes Anliegen. Wir verarbeiten Deine Daten daher ausschlie\u00dflich auf Grundlage der gesetzlichen Bestimmungen (EU-Datenschutzgrundverordnung, Telemediengesetz). In diesen Datenschutzinformationen informieren wir Dich \u00fcber die wichtigsten Aspekte der Datenverarbeitung im Rahmen unserer Website.<\/p>"},"elements":[],"isInner":false,"widgetType":"text-editor","elType":"widget"}],"isInner":true,"elType":"container"}],"isInner":false,"elType":"container"},{"id":"e95c1a0","settings":{"boxed_width":{"unit":"px","size":800,"sizes":[]},"margin":{"unit":"px","top":"0","right":0,"bottom":"0","left":0,"isLinked":false},"padding":{"unit":"px","top":"0","right":"0","bottom":"50","left":"0","isLinked":false},"padding_mobile":{"unit":"px","top":"20","right":"10","bottom":"20","left":"10","isLinked":false},"background_background":"classic","__globals__":{"background_color":"globals\/colors?id=19d66bdc"},"flex_direction":"row","flex_align_items":"stretch","flex_gap":{"size":10,"unit":"px"},"padding_tablet":{"unit":"px","top":"0","right":"0","bottom":"50","left":"20","isLinked":false}},"elements":[{"id":"f59fd02","settings":{"_column_size":100,"width":{"size":null,"unit":"%"},"content_width":"full"},"elements":[{"id":"4152b468","settings":{"editor":"<h3>Pers\u00f6nliche Daten<\/h3><p>Pers\u00f6nliche Daten, die Du bei Webbegr\u00fcnung elektronisch \u00fcbermittelst, z.B. Deinen Namen, Postanschrift, E-Mail-Adresse oder andere pers\u00f6nlichen Angaben, werden von uns nur zum jeweils angegebenen Zweck verwendet, sicher verwahrt und nicht an Dritte weitergegeben.\u00a0<\/p><h3>Kontakt mit uns<\/h3><p>Wenn Du per Formular auf der Website oder per E-Mail Kontakt mit uns aufnimmst, werden Deine angegebenen Daten zwecks Bearbeitung der Anfrage und f\u00fcr den Fall von Anschlussfragen sechs Monate bei uns gespeichert.<\/p><h3>Datenl\u00f6schung und Speicherung<\/h3><p>Deine personenbezogenen Daten werden gel\u00f6scht oder gesperrt, sobald der Zweck der Speicherung entf\u00e4llt. Eine l\u00e4ngere Speicherung kann dann erfolgen, wenn der L\u00f6schung eine gesetzliche Aufbewahrungsfrist z.B. entsprechend des Parteienrechts entgegensteht. Eine Weitergabe an Dritte erfolgt nicht.<\/p><h3>Rechtsgrundlage<\/h3><p>Die Datenverarbeitung erfolgt auf Basis der gesetzlichen Bestimmungen und folgender Rechtsgrundlagen gem\u00e4\u00df Artikel 6 Abs. 1 der Europ\u00e4ischen Datenschutz-Grundverordnung:<\/p><ul><li>Einwilligung<\/li><li>Vertragserf\u00fcllung oder vorvertragliche Ma\u00dfnahmen<\/li><li>rechtliche Verpflichtungen<\/li><li>Zur Wahrung eines berechtigten Interesses. Die schutzw\u00fcrdigen Interessen der Betroffenen \u00fcberwiegen das erstgenannte Interesse nicht.<\/li><\/ul><p><span style=\"color: #46962b; font-family: PTSans; font-size: 27px; font-weight: bold; text-align: var(--text-align); background-color: var( --e-global-color-19d66bdc );\">Links zu anderen Webseiten<\/span><\/p><p>Unser Angebot enth\u00e4lt Links zu externen Webseiten Dritter, auf deren Inhalte wir keinen Einfluss haben. Deshalb k\u00f6nnen wir f\u00fcr diese fremden Inhalte auch keine Gew\u00e4hr \u00fcbernehmen. F\u00fcr die Inhalte der verlinkten Seiten ist stets der jeweilige Anbieter oder Betreiber der Seiten verantwortlich. Die verlinkten Seiten wurden zum Zeitpunkt der Verlinkung auf m\u00f6gliche Rechtsverst\u00f6\u00dfe \u00fcberpr\u00fcft. Rechtswidrige Inhalte waren zum Zeitpunkt der Verlinkung nicht erkennbar. Eine permanente inhaltliche Kontrolle der verlinkten Seiten ist jedoch ohne konkrete Anhaltspunkte einer Rechtsverletzung nicht zumutbar. Bei bekannt werden von Rechtsverletzungen werden wir derartige Links umgehend entfernen.<\/p><h3>Deine Rechte<\/h3><p>Dir stehen grunds\u00e4tzlich die Rechte auf Auskunft, Berichtigung, L\u00f6schung, Einschr\u00e4nkung, Daten\u00fcbertragbarkeit, Widerruf und Widerspruch zu. Wenn Du glaubst, dass die Verarbeitung Deiner Daten gegen das Datenschutzrecht verst\u00f6\u00dft oder Deine datenschutzrechtlichen Anspr\u00fcche sonst in einer Weise verletzt worden sind, kannst Du Dich bei der Aufsichtsbeh\u00f6rde beschweren. In Deutschland sind dies die jeweiligen Landes-Datenschutzbeauftragten.<\/p><h3>Du erreichst uns unter folgenden Kontaktdaten<\/h3><p>E-Mail: info@webbegruenung.de<br \/>Post: Moritz W\u00e4chter, Villestr.6-8, 53347 Alfter<\/p>"},"elements":[],"isInner":false,"widgetType":"text-editor","elType":"widget"}],"isInner":true,"elType":"container"}],"isInner":false,"elType":"container"}],"settings":{"template":"elementor_header_footer"},"metadata":[]}