{"content":[{"id":"5b703319","settings":{"flex_direction":"row","flex_gap":{"unit":"px","size":0},"width":{"unit":"%","size":100,"sizes":[]},"min_height":{"unit":"vh","size":80,"sizes":[]},"min_height_tablet":{"unit":"vh","size":"","sizes":[]},"min_height_mobile":{"unit":"vh","size":"","sizes":[]},"flex_align_items":"center","background_background":"classic","margin":{"unit":"px","top":"0","right":"0","bottom":"0","left":"0","isLinked":false},"padding":{"unit":"px","top":"050","right":"50","bottom":"35","left":"0","isLinked":false},"__globals__":{"background_color":"globals\/colors?id=19d66bdc","background_color_b":"globals\/colors?id=2917cd6"},"background_color_b":"#EFF2ED","background_color_stop":{"unit":"%","size":86,"sizes":[]},"background_color_b_stop":{"unit":"%","size":86,"sizes":[]},"padding_mobile":{"unit":"px","top":"0","right":"0","bottom":"0","left":"0","isLinked":true},"margin_mobile":{"unit":"px","top":"0","right":"0","bottom":"0","left":"0","isLinked":false},"padding_tablet":{"unit":"px","top":"0","right":"0","bottom":"0","left":"0","isLinked":false},"flex_direction_tablet":"column","boxed_width":{"unit":"px","size":1000,"sizes":[]},"boxed_width_tablet":{"unit":"px","size":1024,"sizes":[]}},"elements":[{"id":"38d4e26d","settings":{"flex_direction":"column","content_width":"full","width":{"unit":"%","size":42.018},"background_background":"classic","margin":{"unit":"px","top":"0","right":"0","bottom":"0","left":"0","isLinked":false},"padding":{"unit":"px","top":"0","right":"0","bottom":"0","left":"0","isLinked":false},"_flex_size":"none","_element_width":"initial","__globals__":{"background_color":"globals\/colors?id=primary"},"width_tablet":{"unit":"%","size":100},"_element_width_tablet":"initial","width_mobile":{"unit":"%","size":"","sizes":[]},"_flex_order":"start"},"elements":[{"id":"67f27789","settings":{"image":{"url":"https:\/\/person.webbegruenung.de\/wp-content\/uploads\/2023\/10\/marcel-strauss-0CMmi1HcfqQ-unsplash-scaled.jpg","id":248,"size":"","alt":"","source":"library"},"image_size":"medium_large","image_custom_dimension":{"width":"2000","height":"2000"},"width":{"unit":"%","size":100,"sizes":[]},"height":{"unit":"vh","size":65,"sizes":[]},"height_tablet":{"unit":"vh","size":"","sizes":[]},"height_mobile":{"unit":"%","size":100,"sizes":[]},"object-fit":"cover"},"elements":[],"isInner":false,"widgetType":"image","elType":"widget"}],"isInner":true,"elType":"container"},{"id":"746935e0","settings":{"width":{"unit":"%","size":"50"},"padding":{"unit":"px","top":"0","right":"20","bottom":"0","left":"75","isLinked":false},"_flex_align_self":"center","padding_mobile":{"unit":"px","top":"20","right":"20","bottom":"35","left":"20","isLinked":false},"margin_mobile":{"unit":"px","top":"0","right":"0","bottom":"0","left":"0","isLinked":false},"_flex_align_self_mobile":"flex-start","padding_tablet":{"unit":"px","top":"50","right":"20","bottom":"50","left":"035","isLinked":false},"margin":{"unit":"px","top":"0","right":"0","bottom":"0","left":"0","isLinked":false},"_flex_order":"end"},"elements":[{"id":"21a4468f","settings":{"title":"Hi, ich bin Maxi Mustermensch","header_size":"h1","align":"left","typography_font_size":{"unit":"px","size":80,"sizes":[]},"__globals__":{"title_color":"globals\/colors?id=primary","typography_typography":""},"title_color":"#005437","typography_font_family":"gruenetype","typography_letter_spacing":{"unit":"px","size":0,"sizes":[]},"typography_font_size_mobile":{"unit":"px","size":46,"sizes":[]},"_margin_mobile":{"unit":"px","top":"0","right":"0","bottom":"0","left":"0","isLinked":false},"_padding_mobile":{"unit":"px","top":"0","right":"0","bottom":"0","left":"0","isLinked":false},"typography_font_size_tablet":{"unit":"px","size":55,"sizes":[]},"_margin_tablet":{"unit":"px","top":"0","right":"0","bottom":"0","left":"0","isLinked":false},"_padding_tablet":{"unit":"px","top":"0","right":"0","bottom":"0","left":"0","isLinked":false}},"elements":[],"isInner":false,"widgetType":"heading","elType":"widget"},{"id":"3a444013","settings":{"editor":"<p><strong>Kandidat*in f\u00fcr den Wahlkreis 54 Musterstadt-Musterort.<\/strong> Lorem ipsum dolor sit amet, consectetur adipiscing elit. Ut elit tellus, luctus nec ullamcorper mattis, pulvinar dapibus leo. Lorem ipsum dolor sit amet, consectetur adipiscing elit.<\/p>","__globals__":{"text_color":"globals\/colors?id=text"},"_margin_mobile":{"unit":"px","top":"0","right":"0","bottom":"0","left":"0","isLinked":false},"_padding_mobile":{"unit":"px","top":"0","right":"0","bottom":"0","left":"0","isLinked":false}},"elements":[],"isInner":false,"widgetType":"text-editor","elType":"widget"},{"id":"446cd95c","settings":{"social_icon_list":[{"social_icon":{"value":"fab fa-facebook","library":"fa-brands"},"_id":"eef19d9"},{"social_icon":{"value":"fab fa-twitter","library":"fa-brands"},"_id":"201367c"},{"social_icon":{"value":"fab fa-youtube","library":"fa-brands"},"_id":"544bdb3"}],"shape":"circle","align":"left","icon_color":"custom","icon_spacing":{"unit":"px","size":11,"sizes":[]},"__globals__":{"icon_primary_color":"globals\/colors?id=secondary"},"align_mobile":"left","icon_spacing_mobile":{"unit":"px","size":17,"sizes":[]},"_margin_mobile":{"unit":"px","top":"-10","right":"0","bottom":"0","left":"0","isLinked":false},"_padding_mobile":{"unit":"px","top":"0","right":"0","bottom":"0","left":"0","isLinked":false}},"elements":[],"isInner":false,"widgetType":"social-icons","elType":"widget"}],"isInner":true,"elType":"container"}],"isInner":false,"elType":"container"},{"id":"6201cd47","settings":{"flex_direction":"row","flex_gap":{"unit":"px","size":0,"column":"0","row":"0"},"boxed_width":{"unit":"px","size":1000,"sizes":[]},"padding":{"unit":"px","top":"50","right":"0","bottom":"50","left":"0","isLinked":false},"background_background":"classic","margin":{"unit":"px","top":"0","right":"0","bottom":"0","left":"0","isLinked":false},"padding_mobile":{"unit":"px","top":"0","right":"20","bottom":"20","left":"20","isLinked":false},"__globals__":{"background_color":""},"background_color":"#F5F1E9","padding_tablet":{"unit":"px","top":"35","right":"20","bottom":"035","left":"20","isLinked":false},"flex_direction_tablet":"column"},"elements":[{"id":"1e622cec","settings":{"content_width":"full","width":{"unit":"%","size":36},"flex_justify_content":"center","flex_align_items":"flex-start","_flex_size":"none","_element_width":"initial","margin_mobile":{"unit":"px","top":"0","right":"0","bottom":"0","left":"0","isLinked":false},"padding_mobile":{"unit":"px","top":"35","right":"0","bottom":"20","left":"0","isLinked":false},"width_tablet":{"unit":"%","size":100,"sizes":[]},"width_mobile":{"unit":"%","size":"","sizes":[]}},"elements":[{"id":"4a91b7fa","settings":{"title":"Wer ich bin","typography_typography":"custom","typography_font_family":"gruenetype","typography_font_size":{"unit":"px","size":55,"sizes":[]},"typography_font_size_mobile":{"unit":"px","size":46,"sizes":[]}},"elements":[],"isInner":false,"widgetType":"heading","elType":"widget"}],"isInner":true,"elType":"container"},{"id":"1cd6a074","settings":{"flex_direction":"column","content_width":"full","width":{"unit":"%","size":57.193},"_flex_size":"none","_element_width":"initial","margin_mobile":{"unit":"px","top":"0","right":"0","bottom":"0","left":"0","isLinked":false},"padding_mobile":{"unit":"px","top":"0","right":"0","bottom":"0","left":"0","isLinked":false},"width_tablet":{"unit":"%","size":100,"sizes":[]},"width_mobile":{"unit":"%","size":"","sizes":[]}},"elements":[{"id":"387bb461","settings":{"editor":"<p>Verwurzelt im Herzen von Musterstadt, mit einem festen Blick in die Zukunft: Dies beschreibt den Kern meiner Kandidatur f\u00fcr das Musterparlament. Als Musterberuf und langj\u00e4hrig engagierte Person in Musterorganisation habe ich stets die Bedeutung von <b>Gemeinschaft, nachhaltiger Entwicklung <\/b>und<b> solidarischem Handeln<\/b> aus n\u00e4chster N\u00e4he miterlebt.\u00a0\u00a0<\/p><p><span style=\"background-color: var( --e-global-color-2917cd6 ); color: var( --e-global-color-text ); font-size: var(--bs-body-font-size); font-weight: var( --e-global-typography-text-font-weight ); text-align: var(--text-align);\">Mit einem offenen Ohr f\u00fcr alle B\u00fcrger*innen, einer <\/span><span style=\"background-color: var( --e-global-color-2917cd6 ); color: var( --e-global-color-text ); font-size: var(--bs-body-font-size); text-align: var(--text-align);\"><b>l\u00f6sungsorientierten Herangehensweise <\/b><\/span><span style=\"background-color: var( --e-global-color-2917cd6 ); color: var( --e-global-color-text ); font-size: var(--bs-body-font-size); font-weight: var( --e-global-typography-text-font-weight ); text-align: var(--text-align);\">und dem festen Glauben an unsere <strong>gemeinsame Zukunft<\/strong>. Es geht darum, heute die <strong>Entscheidungen<\/strong> zu treffen, die morgen den<strong> Unterschied<\/strong> machen k\u00f6nnen. F\u00fcr eine Politik, die auf Ausgleich und <strong>Nachhaltigkeit<\/strong> setzt, und f\u00fcr ein Musterstadt, in dem <strong>jede Stimme z\u00e4hlt.\u00a0<\/strong><\/span><\/p>","_margin_mobile":{"unit":"px","top":"0","right":"0","bottom":"0","left":"0","isLinked":false},"_padding_mobile":{"unit":"px","top":"0","right":"0","bottom":"0","left":"0","isLinked":false}},"elements":[],"isInner":false,"widgetType":"text-editor","elType":"widget"}],"isInner":true,"elType":"container"}],"isInner":false,"elType":"container"},{"id":"5f8e200f","settings":{"flex_direction":"row","flex_gap":{"unit":"px","size":0},"boxed_width":{"unit":"px","size":1000,"sizes":[]},"min_height":{"unit":"vh","size":85,"sizes":[]},"min_height_tablet":{"unit":"vh","size":"","sizes":[]},"min_height_mobile":{"unit":"vh","size":"","sizes":[]},"background_background":"classic","background_image":{"id":228,"url":"https:\/\/person.webbegruenung.de\/wp-content\/uploads\/2023\/10\/vitolda-klein-O0Pil03e6S8-unsplash-1-1024x681.jpg","alt":"","source":"library","size":"large"},"background_position":"center center","background_overlay_background":"classic","padding":{"unit":"px","top":"100","right":"0","bottom":"100","left":"0","isLinked":false},"__globals__":{"background_overlay_color":"globals\/colors?id=2ad701a"},"padding_mobile":{"unit":"px","top":"50","right":"020","bottom":"100","left":"20","isLinked":false},"background_size":"cover","padding_tablet":{"unit":"px","top":"0","right":"20","bottom":"0","left":"20","isLinked":false}},"elements":[{"id":"4012e9be","settings":{"flex_direction":"column","content_width":"full","width":{"unit":"%","size":80},"flex_justify_content":"center","_flex_size":"none","_element_width":"initial"},"elements":[{"id":"d8c0392","settings":{"title":"Gemeinsam in <br>eine gute Zukunft!","align":"left","__globals__":{"title_color":"globals\/colors?id=19d66bdc"},"typography_typography":"custom","typography_font_size":{"unit":"px","size":89,"sizes":[]},"typography_font_size_mobile":{"unit":"px","size":48,"sizes":[]},"_padding_mobile":{"unit":"px","top":"12","right":"0","bottom":"0","left":"0","isLinked":false},"_transform_translateX_effect":{"unit":"px","size":0,"sizes":[]},"_transform_scale_popover":"transform","_transform_skewX_effect":{"unit":"px","size":0,"sizes":[]},"typography_font_size_tablet":{"unit":"px","size":64,"sizes":[]}},"elements":[],"isInner":false,"widgetType":"heading","elType":"widget"},{"id":"2e6360ce","settings":{"editor":"<p>F\u00fcge hier deinen Claim ein... Die Herausforderungen sind gro\u00df, aber gemeinsam mit dir k\u00f6nnen wir sie stemmen.<\/p>","text_color":"#FFFFFF","_padding":{"unit":"px","top":"0","right":"20","bottom":"0","left":"0","isLinked":false},"typography_typography":"custom","typography_font_size":{"unit":"px","size":22,"sizes":[]},"typography_font_weight":"normal"},"elements":[],"isInner":false,"widgetType":"text-editor","elType":"widget"}],"isInner":true,"elType":"container"}],"isInner":false,"elType":"container"},{"id":"cdb8484","settings":{"flex_direction":"row","flex_gap":{"unit":"px","size":0},"boxed_width":{"unit":"px","size":1000,"sizes":[]},"margin":{"unit":"px","top":"0","right":"0","bottom":"0","left":"0","isLinked":false},"padding":{"unit":"px","top":"050","right":"0","bottom":"0","left":"0","isLinked":false},"background_background":"classic","__globals__":{"background_color":""},"padding_mobile":{"unit":"px","top":"50","right":"20","bottom":"35","left":"20","isLinked":false},"background_color":"#F5F1E9","padding_tablet":{"unit":"px","top":"35","right":"20","bottom":"0","left":"20","isLinked":false}},"elements":[{"id":"38ea87c","settings":{"flex_direction":"column","content_width":"full","width":{"unit":"%","size":"50"},"margin_mobile":{"unit":"px","top":"0","right":"0","bottom":"0","left":"0","isLinked":false},"padding_mobile":{"unit":"px","top":"0","right":"0","bottom":"0","left":"0","isLinked":false}},"elements":[{"id":"aa2f8f0","settings":{"title":"Meine Themen","_margin":{"unit":"px","top":"0","right":"0","bottom":"35","left":"0","isLinked":false},"_margin_mobile":{"unit":"px","top":"0","right":"0","bottom":"0","left":"0","isLinked":false},"_padding_mobile":{"unit":"px","top":"0","right":"0","bottom":"0","left":"0","isLinked":false},"align_mobile":"left","__globals__":{"title_color":"globals\/colors?id=primary"},"typography_typography":"custom","typography_font_size":{"unit":"px","size":55,"sizes":[]},"typography_font_size_mobile":{"unit":"px","size":46,"sizes":[]}},"elements":[],"isInner":false,"widgetType":"heading","elType":"widget"}],"isInner":true,"elType":"container"}],"isInner":false,"elType":"container"},{"id":"3e642e8d","settings":{"flex_direction":"row","flex_gap":{"unit":"px","size":27,"column":"27","row":"0"},"boxed_width":{"unit":"px","size":1000,"sizes":[]},"background_background":"classic","padding":{"unit":"px","top":"0","right":"0","bottom":"50","left":"0","isLinked":false},"__globals__":{"background_color":"globals\/colors?id=2917cd6"},"flex_gap_mobile":{"column":"20","row":"20","isLinked":true,"unit":"px","size":20},"padding_mobile":{"unit":"px","top":"0","right":"20","bottom":"35","left":"20","isLinked":false},"padding_tablet":{"unit":"px","top":"0","right":"20","bottom":"50","left":"20","isLinked":false}},"elements":[{"id":"7ef0a3f3","settings":{"flex_direction":"column","content_width":"full","width":{"unit":"%","size":33},"background_background":"classic","margin":{"unit":"px","top":"0","right":"0","bottom":"0","left":"0","isLinked":true},"padding":{"unit":"px","top":"0","right":"0","bottom":"0","left":"0","isLinked":true},"__globals__":{"background_color":"globals\/colors?id=19d66bdc"}},"elements":[{"id":"59a0af2","settings":{"image":{"url":"https:\/\/person.webbegruenung.de\/wp-content\/uploads\/2023\/04\/mika-baumeister-bnuFRiQDYIM-unsplash-scaled-1.jpg","id":75,"size":"","alt":"","source":"library"}},"elements":[],"isInner":false,"widgetType":"image","elType":"widget"},{"id":"4279dce3","settings":{"width":{"size":"","unit":"%"},"background_background":"classic","border_radius":{"unit":"px","top":"7","right":"7","bottom":"7","left":"7","isLinked":"1"},"border_radius_mobile":{"unit":"px","top":"0","right":"0","bottom":"0","left":"0","isLinked":"1"},"margin":{"unit":"px","top":"0","right":"0","bottom":"0","left":"0","isLinked":""},"margin_mobile":{"unit":"px","top":"0","right":"0","bottom":"0","left":"0","isLinked":""},"padding":{"unit":"px","top":"0","right":"20","bottom":"20","left":"20","isLinked":""},"padding_mobile":{"unit":"px","top":"10","right":"20","bottom":"0","left":"020","isLinked":""},"content_width":"full","__globals__":{"background_color":"globals\/colors?id=19d66bdc"}},"elements":[{"id":"6ccd149c","settings":{"title":"Mit Herz f\u00fcr Klimaschutz.","header_size":"h4","typography_typography":"custom","typography_font_family":"gruenetype","typography_font_size":{"unit":"px","size":38,"sizes":[]},"typography_font_size_mobile":{"unit":"px","size":34,"sizes":[]}},"elements":[],"isInner":false,"widgetType":"heading","elType":"widget"},{"id":"71bd1caa","settings":{"editor":"<p>Lorem ipsum dolor sit amet, consetetur sadipscing elitr, sed diam nonumy eirmod tempor invidunt ut labore et dolore magna aliquyam erat, sed diam voluptua. At vero eos et accusam et justo duo dolores et ea rebum. Stet clita kasd gubergren.<\/p>"},"elements":[],"isInner":false,"widgetType":"text-editor","elType":"widget"}],"isInner":true,"elType":"container"}],"isInner":true,"elType":"container"},{"id":"28079761","settings":{"flex_direction":"column","content_width":"full","width":{"unit":"%","size":33},"background_background":"classic","margin":{"unit":"px","top":"0","right":"0","bottom":"0","left":"0","isLinked":true},"padding":{"unit":"px","top":"0","right":"0","bottom":"0","left":"0","isLinked":true},"__globals__":{"background_color":"globals\/colors?id=19d66bdc"}},"elements":[{"id":"451ac9eb","settings":{"image":{"url":"https:\/\/person.webbegruenung.de\/wp-content\/uploads\/2023\/02\/jwaeeifbans.jpg","id":122,"size":"","alt":"man in black jacket riding bicycle on road during daytime","source":"library"}},"elements":[],"isInner":false,"widgetType":"image","elType":"widget"},{"id":"6addbf8e","settings":{"width":{"size":"","unit":"%"},"background_background":"classic","border_radius":{"unit":"px","top":"7","right":"7","bottom":"7","left":"7","isLinked":"1"},"border_radius_mobile":{"unit":"px","top":"0","right":"0","bottom":"0","left":"0","isLinked":"1"},"margin":{"unit":"px","top":"0","right":"0","bottom":"0","left":"0","isLinked":""},"margin_mobile":{"unit":"px","top":"0","right":"0","bottom":"0","left":"0","isLinked":""},"padding":{"unit":"px","top":"0","right":"20","bottom":"20","left":"20","isLinked":""},"padding_mobile":{"unit":"px","top":"10","right":"20","bottom":"0","left":"020","isLinked":""},"content_width":"full","__globals__":{"background_color":"globals\/colors?id=19d66bdc"}},"elements":[{"id":"432ccf6b","settings":{"title":"Gr\u00fcne und g\u00fcnstige Mobilit\u00e4t.","header_size":"h4","typography_typography":"custom","typography_font_family":"gruenetype","typography_font_size":{"unit":"px","size":38,"sizes":[]},"typography_font_size_mobile":{"unit":"px","size":34,"sizes":[]}},"elements":[],"isInner":false,"widgetType":"heading","elType":"widget"},{"id":"5489774b","settings":{"editor":"<p>Lorem ipsum dolor sit amet, consetetur sadipscing elitr, sed diam nonumy eirmod tempor invidunt ut labore et dolore magna aliquyam erat, sed diam voluptua. At vero eos et accusam et justo duo dolores et ea rebum. Stet clita kasd gubergren.<\/p>"},"elements":[],"isInner":false,"widgetType":"text-editor","elType":"widget"}],"isInner":true,"elType":"container"}],"isInner":true,"elType":"container"},{"id":"53a0d6a1","settings":{"flex_direction":"column","content_width":"full","width":{"unit":"%","size":33},"background_background":"classic","margin":{"unit":"px","top":"0","right":"0","bottom":"0","left":"0","isLinked":true},"padding":{"unit":"px","top":"0","right":"0","bottom":"0","left":"0","isLinked":true},"__globals__":{"background_color":"globals\/colors?id=19d66bdc"}},"elements":[{"id":"45d9b40c","settings":{"image":{"url":"https:\/\/person.webbegruenung.de\/wp-content\/uploads\/2023\/10\/janosch-lino-USKsnSIDNIA-unsplash-1.jpg","id":250,"size":"","alt":"","source":"library"}},"elements":[],"isInner":false,"widgetType":"image","elType":"widget"},{"id":"774f5610","settings":{"width":{"size":"","unit":"%"},"background_background":"classic","border_radius":{"unit":"px","top":"7","right":"7","bottom":"7","left":"7","isLinked":"1"},"border_radius_mobile":{"unit":"px","top":"0","right":"0","bottom":"0","left":"0","isLinked":"1"},"margin":{"unit":"px","top":"0","right":"0","bottom":"0","left":"0","isLinked":""},"margin_mobile":{"unit":"px","top":"0","right":"0","bottom":"0","left":"0","isLinked":""},"padding":{"unit":"px","top":"0","right":"20","bottom":"20","left":"20","isLinked":""},"padding_mobile":{"unit":"px","top":"10","right":"20","bottom":"0","left":"020","isLinked":""},"content_width":"full","__globals__":{"background_color":"globals\/colors?id=19d66bdc"}},"elements":[{"id":"5861dbaf","settings":{"title":"Gemeinsam gegen Hass und Hetze.","header_size":"h4","typography_typography":"custom","typography_font_family":"gruenetype","typography_font_size":{"unit":"px","size":38,"sizes":[]},"typography_font_size_mobile":{"unit":"px","size":34,"sizes":[]}},"elements":[],"isInner":false,"widgetType":"heading","elType":"widget"},{"id":"76ca4d74","settings":{"editor":"<p>Lorem ipsum dolor sit amet, consetetur sadipscing elitr, sed diam nonumy eirmod tempor invidunt ut labore et dolore magna aliquyam erat, sed diam voluptua.\u00a0<\/p>"},"elements":[],"isInner":false,"widgetType":"text-editor","elType":"widget"}],"isInner":true,"elType":"container"}],"isInner":true,"elType":"container"}],"isInner":false,"elType":"container"},{"id":"47f7d220","settings":{"flex_direction":"row","flex_gap":{"unit":"px","size":0,"column":"0","row":"0"},"boxed_width":{"unit":"px","size":1000,"sizes":[]},"background_background":"classic","margin":{"unit":"px","top":"0","right":"0","bottom":"0","left":"0","isLinked":false},"padding":{"unit":"px","top":"100","right":"0","bottom":"0","left":"0","isLinked":false},"__globals__":{"background_color":"globals\/colors?id=19d66bdc"},"padding_mobile":{"unit":"px","top":"50","right":"20","bottom":"35","left":"20","isLinked":false},"padding_tablet":{"unit":"px","top":"035","right":"20","bottom":"0","left":"20","isLinked":false}},"elements":[{"id":"629a175c","settings":{"flex_direction":"column","content_width":"full","width":{"unit":"%","size":73.727},"_flex_size":"none","_element_width":"initial"},"elements":[{"id":"7e80a9b7","settings":{"title":"Mehr Gr\u00fcn f\u00fcr Musterdorf","align":"left","_margin":{"unit":"px","top":"0","right":"0","bottom":"0","left":"0","isLinked":false},"_padding":{"unit":"px","top":"0","right":"0","bottom":"0","left":"0","isLinked":false},"align_mobile":"left","_margin_mobile":{"unit":"px","top":"0","right":"0","bottom":"0","left":"0","isLinked":false},"_padding_mobile":{"unit":"px","top":"0","right":"0","bottom":"10","left":"0","isLinked":false},"typography_typography":"custom","typography_font_size":{"unit":"px","size":55,"sizes":[]},"__globals__":{"title_color":"globals\/colors?id=primary"},"typography_font_size_mobile":{"unit":"px","size":38,"sizes":[]}},"elements":[],"isInner":false,"widgetType":"heading","elType":"widget"}],"isInner":true,"elType":"container"}],"isInner":false,"elType":"container"},{"id":"32cea6d2","settings":{"flex_direction":"column","boxed_width":{"unit":"px","size":1000,"sizes":[]},"background_background":"classic","padding":{"unit":"px","top":"35","right":"0","bottom":"100","left":"0","isLinked":false},"__globals__":{"background_color":"globals\/colors?id=19d66bdc"},"flex_align_items_mobile":"stretch","padding_mobile":{"unit":"px","top":"0","right":"20","bottom":"35","left":"20","isLinked":false},"padding_tablet":{"unit":"px","top":"35","right":"20","bottom":"50","left":"20","isLinked":false}},"elements":[{"id":"39e4796e","settings":{"width":{"size":"","unit":"%"},"background_background":"classic","border_radius":{"unit":"px","top":"7","right":"7","bottom":"7","left":"7","isLinked":"1"},"border_radius_mobile":{"unit":"px","top":"10","right":"10","bottom":"10","left":"10","isLinked":"1"},"margin":{"unit":"px","top":"0","right":"0","bottom":"0","left":"0","isLinked":""},"margin_mobile":{"unit":"px","top":"0","right":"0","bottom":"0","left":"0","isLinked":""},"padding":{"unit":"px","top":"20","right":"30","bottom":"20","left":"30","isLinked":""},"padding_mobile":{"unit":"px","top":"10","right":"12","bottom":"10","left":"12","isLinked":""},"content_width":"full","__globals__":{"background_color":"globals\/colors?id=19d66bdc"},"min_height":{"unit":"px","size":425,"sizes":[]},"flex_direction":"row","flex_justify_content":"space-between","flex_align_items":"flex-end","background_image":{"url":"https:\/\/person.webbegruenung.de\/wp-content\/uploads\/2023\/10\/michael-mims-fWWiaDox0BU-unsplash-1024x678.jpg","id":251,"size":"large","alt":"","source":"library"},"background_position":"center center","background_size":"cover","background_overlay_background":"gradient","background_overlay_color":"#00000000","background_overlay_color_b":"#000000FA","background_overlay_color_b_stop":{"unit":"%","size":76,"sizes":[]},"background_overlay_opacity":{"unit":"px","size":0.51,"sizes":[]},"background_overlay_hover_background":"gradient","background_overlay_hover_color":"#02010100","background_overlay_hover_color_b":"#000000","background_overlay_hover_color_b_stop":{"unit":"%","size":84,"sizes":[]},"background_overlay_hover_opacity":{"unit":"px","size":0.59,"sizes":[]},"min_height_mobile":{"unit":"px","size":185,"sizes":[]},"flex_justify_content_mobile":"space-between","flex_align_items_mobile":"flex-end","flex_wrap_mobile":"wrap","_transform_translate_popover_hover":"transform","_transform_translateX_effect_hover":{"unit":"px","size":0,"sizes":[]},"_transform_translateY_effect_hover":{"unit":"px","size":-2,"sizes":[]},"min_height_tablet":{"unit":"px","size":300,"sizes":[]}},"elements":[{"id":"7297b358","settings":{"text":"Unsere Spitzenkandidatin","icon_align":"right","icon_indent":{"unit":"px","size":0,"sizes":[]},"typography_typography":"custom","typography_font_family":"gruenetype","typography_font_size":{"unit":"px","size":48,"sizes":[]},"background_color":"#8ABD2400","_transform_rotate_popover_hover":"transform","_transform_rotateZ_effect_hover":{"unit":"px","size":0,"sizes":[]},"_transform_translate_popover_hover":"transform","_transform_translateX_effect_hover":{"unit":"px","size":2,"sizes":[]},"align_mobile":"left","typography_font_size_mobile":{"unit":"px","size":26,"sizes":[]},"text_shadow_text_shadow_type":"yes","border_border":"none","text_padding_mobile":{"unit":"px","top":"0","right":"0","bottom":"0","left":"0","isLinked":true},"_margin_mobile":{"unit":"px","top":"0","right":"0","bottom":"0","left":"0","isLinked":false},"_padding_mobile":{"unit":"px","top":"0","right":"0","bottom":"0","left":"0","isLinked":false},"_element_width_mobile":"auto","link":{"url":"https:\/\/terryreintke.eu\/","is_external":"on","nofollow":"","custom_attributes":""}},"elements":[],"isInner":false,"widgetType":"button","elType":"widget"},{"id":"7063367","settings":{"selected_icon":{"value":"fas fa-arrow-right","library":"fa-solid"},"_transform_translate_popover_hover":"transform","_transform_translateX_effect_hover":{"unit":"px","size":2,"sizes":[]},"__globals__":{"primary_color":"globals\/colors?id=19d66bdc"},"size_mobile":{"unit":"px","size":26,"sizes":[]},"_margin_mobile":{"unit":"px","top":"0","right":"0","bottom":"-5","left":"0","isLinked":false},"_padding_mobile":{"unit":"px","top":"0","right":"0","bottom":"0","left":"0","isLinked":false},"link":{"url":"https:\/\/terryreintke.eu\/","is_external":"","nofollow":"","custom_attributes":""}},"elements":[],"isInner":false,"widgetType":"icon","elType":"widget"}],"isInner":true,"elType":"container"},{"id":"97edf3c","settings":{"width":{"size":"","unit":"%"},"background_background":"classic","border_radius":{"unit":"px","top":"7","right":"7","bottom":"7","left":"7","isLinked":"1"},"border_radius_mobile":{"unit":"px","top":"10","right":"10","bottom":"10","left":"10","isLinked":"1"},"margin":{"unit":"px","top":"0","right":"0","bottom":"0","left":"0","isLinked":""},"margin_mobile":{"unit":"px","top":"0","right":"0","bottom":"0","left":"0","isLinked":""},"padding":{"unit":"px","top":"20","right":"30","bottom":"20","left":"30","isLinked":""},"padding_mobile":{"unit":"px","top":"10","right":"10","bottom":"10","left":"020","isLinked":""},"content_width":"full","__globals__":{"background_color":"globals\/colors?id=19d66bdc"},"min_height":{"unit":"px","size":425,"sizes":[]},"flex_direction":"row","flex_justify_content":"space-between","flex_align_items":"flex-end","background_image":{"url":"https:\/\/person.webbegruenung.de\/wp-content\/uploads\/2023\/10\/david-travis-zYT6u51a0BU-unsplash-scaled.jpg","id":234,"size":"","source":"library","alt":""},"background_position":"center center","background_size":"cover","background_overlay_background":"gradient","background_overlay_color":"#00000000","background_overlay_color_b":"#000000FA","background_overlay_color_b_stop":{"unit":"%","size":84,"sizes":[]},"background_overlay_opacity":{"unit":"px","size":0.51,"sizes":[]},"background_overlay_hover_background":"gradient","background_overlay_hover_color":"#02010100","background_overlay_hover_color_b":"#000000","background_overlay_hover_color_b_stop":{"unit":"%","size":84,"sizes":[]},"background_overlay_hover_opacity":{"unit":"px","size":0.59,"sizes":[]},"min_height_mobile":{"unit":"px","size":185,"sizes":[]},"flex_align_items_mobile":"flex-end","_transform_translate_popover_hover":"transform","_transform_translateY_effect_hover":{"unit":"px","size":-2,"sizes":[]},"min_height_tablet":{"unit":"px","size":300,"sizes":[]}},"elements":[{"id":"61636795","settings":{"text":"Unser Wahlprogramm","icon_align":"right","icon_indent":{"unit":"px","size":0,"sizes":[]},"typography_typography":"custom","typography_font_family":"gruenetype","typography_font_size":{"unit":"px","size":48,"sizes":[]},"typography_font_weight":"500","background_color":"#8ABD2400","_transform_rotate_popover_hover":"transform","_transform_rotateZ_effect_hover":{"unit":"px","size":0,"sizes":[]},"_transform_translate_popover_hover":"transform","_transform_translateX_effect_hover":{"unit":"px","size":2,"sizes":[]},"typography_font_size_mobile":{"unit":"px","size":24,"sizes":[]},"text_padding_mobile":{"unit":"px","top":"0","right":"0","bottom":"0","left":"0","isLinked":true},"link":{"url":"https:\/\/www.gruene.de\/artikel\/unser-gr%C3%BCnes-wahlprogramm-zur-europawahl-2024","is_external":"on","nofollow":"","custom_attributes":""}},"elements":[],"isInner":false,"widgetType":"button","elType":"widget"},{"id":"37d380d0","settings":{"selected_icon":{"value":"fas fa-arrow-right","library":"fa-solid"},"_transform_translate_popover_hover":"transform","_transform_translateX_effect_hover":{"unit":"px","size":2,"sizes":[]},"__globals__":{"primary_color":"globals\/colors?id=19d66bdc"},"size_mobile":{"unit":"px","size":26,"sizes":[]},"link":{"url":"https:\/\/www.gruene.de\/artikel\/unser-gr%C3%BCnes-wahlprogramm-zur-europawahl-2024","is_external":"","nofollow":"","custom_attributes":""}},"elements":[],"isInner":false,"widgetType":"icon","elType":"widget"}],"isInner":true,"elType":"container"},{"id":"23ebad18","settings":{"width":{"size":"","unit":"%"},"background_background":"classic","border_radius":{"unit":"px","top":"7","right":"7","bottom":"7","left":"7","isLinked":"1"},"border_radius_mobile":{"unit":"px","top":"10","right":"10","bottom":"10","left":"10","isLinked":"1"},"margin":{"unit":"px","top":"0","right":"0","bottom":"0","left":"0","isLinked":""},"margin_mobile":{"unit":"px","top":"0","right":"0","bottom":"0","left":"0","isLinked":""},"padding":{"unit":"px","top":"20","right":"30","bottom":"20","left":"30","isLinked":""},"padding_mobile":{"unit":"px","top":"10","right":"10","bottom":"10","left":"10","isLinked":""},"content_width":"full","__globals__":{"background_color":"globals\/colors?id=19d66bdc"},"min_height":{"unit":"px","size":425,"sizes":[]},"flex_direction":"row","flex_justify_content":"space-between","flex_align_items":"flex-end","background_image":{"url":"https:\/\/person.webbegruenung.de\/wp-content\/uploads\/2023\/10\/brooke-cagle-uHVRvDr7pg-unsplash-1024x683.jpg","id":252,"size":"large","alt":"","source":"library"},"background_size":"cover","background_overlay_background":"gradient","background_overlay_color":"#00000000","background_overlay_color_b":"#000000FA","background_overlay_color_b_stop":{"unit":"%","size":84,"sizes":[]},"background_overlay_opacity":{"unit":"px","size":0.51,"sizes":[]},"background_overlay_hover_background":"gradient","background_overlay_hover_color":"#02010100","background_overlay_hover_color_b":"#000000","background_overlay_hover_color_b_stop":{"unit":"%","size":84,"sizes":[]},"background_overlay_hover_opacity":{"unit":"px","size":0.59,"sizes":[]},"min_height_mobile":{"unit":"px","size":185,"sizes":[]},"flex_justify_content_mobile":"space-around","flex_align_items_mobile":"flex-end","_transform_translate_popover_hover":"transform","_transform_translateY_effect_hover":{"unit":"px","size":-2,"sizes":[]},"min_height_tablet":{"unit":"px","size":300,"sizes":[]}},"elements":[{"id":"a4359bc","settings":{"text":"Ortsverband Musterstadt","icon_align":"right","icon_indent":{"unit":"px","size":14,"sizes":[]},"typography_typography":"custom","typography_font_family":"gruenetype","typography_font_size":{"unit":"px","size":48,"sizes":[]},"typography_font_weight":"500","background_color":"#8ABD2400","_transform_rotate_popover_hover":"transform","_transform_rotateZ_effect_hover":{"unit":"px","size":0,"sizes":[]},"_transform_translate_popover_hover":"transform","_transform_translateX_effect_hover":{"unit":"px","size":2,"sizes":[]},"typography_font_size_mobile":{"unit":"px","size":26,"sizes":[]},"text_shadow_text_shadow_type":"yes","text_padding_mobile":{"unit":"px","top":"0","right":"0","bottom":"0","left":"0","isLinked":true},"link":{"url":"https:\/\/gruene-rhein-sieg.de\/","is_external":"on","nofollow":"","custom_attributes":""}},"elements":[],"isInner":false,"widgetType":"button","elType":"widget"},{"id":"7d3d7eb0","settings":{"selected_icon":{"value":"fas fa-arrow-right","library":"fa-solid"},"_transform_translate_popover_hover":"transform","_transform_translateX_effect_hover":{"unit":"px","size":2,"sizes":[]},"__globals__":{"primary_color":"globals\/colors?id=19d66bdc"},"size_mobile":{"unit":"px","size":30,"sizes":[]}},"elements":[],"isInner":false,"widgetType":"icon","elType":"widget"}],"isInner":true,"elType":"container"}],"isInner":false,"elType":"container"},{"id":"fef67f4","settings":{"flex_direction":"row","flex_gap":{"unit":"px","size":0},"min_height":{"unit":"vh","size":62,"sizes":[]},"min_height_tablet":{"unit":"vh","size":"","sizes":[]},"min_height_mobile":{"unit":"vh","size":46,"sizes":[]},"background_background":"classic","background_image":{"id":262,"url":"https:\/\/person.webbegruenung.de\/wp-content\/uploads\/2023\/10\/antonino-visalli-RNiBLy7aHck-unsplash-1.jpg","alt":"","source":"library","size":""},"background_overlay_background":"classic","margin":{"unit":"px","top":"0","right":"0","bottom":"0","left":"0","isLinked":false},"padding":{"unit":"px","top":"100","right":"0","bottom":"100","left":"0","isLinked":false},"__globals__":{"background_overlay_color":""},"padding_tablet":{"unit":"px","top":"100","right":"20","bottom":"100","left":"20","isLinked":false},"background_repeat":"no-repeat","background_size":"cover","background_overlay_color":"#000","background_overlay_opacity":{"unit":"px","size":0.39,"sizes":[]},"padding_mobile":{"unit":"px","top":"60","right":"20","bottom":"50","left":"20","isLinked":false},"flex_direction_tablet":"column","flex_align_items_tablet":"center"},"elements":[{"id":"442ce468","settings":{"flex_direction":"column","content_width":"full","width":{"unit":"%","size":57.932},"flex_justify_content":"center","_flex_size":"none","_element_width":"initial","margin_mobile":{"unit":"px","top":"0","right":"0","bottom":"0","left":"0","isLinked":false},"padding_mobile":{"unit":"px","top":"0","right":"0","bottom":"20","left":"0","isLinked":false},"width_tablet":{"unit":"px","size":586,"sizes":[]},"flex_direction_tablet":"column","margin_tablet":{"unit":"px","top":"0","right":"0","bottom":"0","left":"0","isLinked":false},"padding_tablet":{"unit":"px","top":"0","right":"0","bottom":"0","left":"0","isLinked":false}},"elements":[{"id":"36896884","settings":{"title":"Sag hallo!","align":"center","__globals__":{"title_color":"globals\/colors?id=19d66bdc"},"typography_typography":"custom","typography_font_family":"gruenetype","typography_font_size":{"unit":"px","size":55,"sizes":[]},"typography_font_size_mobile":{"unit":"px","size":46,"sizes":[]}},"elements":[],"isInner":false,"widgetType":"heading","elType":"widget"},{"id":"b2ac2a3","settings":{"social_icon_list":[{"social_icon":{"value":"fab fa-facebook","library":"fa-brands"},"_id":"681bdee","link":{"url":"https:\/\/www.facebook.com\/gruenerheinsieg","is_external":"true","nofollow":"","custom_attributes":""}},{"_id":"e7c4905","social_icon":{"value":"fab fa-instagram","library":"fa-brands"},"link":{"url":"https:\/\/www.instagram.com\/gruene.sanktaugustin\/","is_external":"true","nofollow":"","custom_attributes":""}},{"_id":"0af35c5","social_icon":{"value":"fas fa-envelope","library":"fa-solid"},"link":{"url":"mailto:info@gruene-rhein-sieg.de","is_external":"true","nofollow":"","custom_attributes":""}}],"columns":"4","icon_size":{"unit":"px","size":29,"sizes":[]},"icon_spacing":{"unit":"px","size":16,"sizes":[]},"hover_animation":"grow","shape":"circle","icon_color":"custom","icon_padding":{"unit":"em","size":0.4,"sizes":[]},"__globals__":{"icon_secondary_color":"globals\/colors?id=19d66bdc","icon_primary_color":"globals\/colors?id=primary"},"_margin":{"unit":"px","top":"10","right":"0","bottom":"10","left":"0","isLinked":false},"_margin_mobile":{"unit":"px","top":"5","right":"5","bottom":"5","left":"5","isLinked":false}},"elements":[],"isInner":false,"widgetType":"social-icons","elType":"widget"}],"isInner":true,"elType":"container"},{"id":"5db4890c","settings":{"flex_direction":"column","content_width":"full","width":{"unit":"%","size":90},"background_background":"classic","border_radius":{"unit":"px","top":"020","right":"020","bottom":"020","left":"020","isLinked":true},"margin":{"unit":"px","top":"0","right":"0","bottom":"0","left":"0","isLinked":false},"padding":{"unit":"px","top":"0","right":"20","bottom":"0","left":"20","isLinked":false},"__globals__":{"background_color":"globals\/colors?id=19d66bdc"},"margin_tablet":{"unit":"px","top":"20","right":"0","bottom":"0","left":"0","isLinked":false}},"elements":[{"id":"741a429f","settings":{"form_id":"239","fieldSize":"small","fieldBorderRadius":5,"fieldBackgroundColor":"#F5F1E9","fieldBorderColor":"#F5F1E9","buttonBackgroundColor":"#005437","copyPasteJsonValue":"{\"fieldSize\":\"small\",\"fieldBorderRadius\":5,\"fieldBackgroundColor\":\"#F5F1E9\",\"fieldBorderColor\":\"#F5F1E9\",\"fieldTextColor\":\"rgba( 0, 0, 0, 0.7 )\",\"labelSize\":\"medium\",\"labelColor\":\"rgba( 0, 0, 0, 0.85 )\",\"labelSublabelColor\":\"rgba( 0, 0, 0, 0.55 )\",\"labelErrorColor\":\"#d63637\",\"buttonSize\":\"medium\",\"buttonBorderRadius\":\"3\",\"buttonBackgroundColor\":\"#005437\",\"buttonTextColor\":\"#ffffff\"}","_margin":{"unit":"px","top":"0","right":"0","bottom":"0","left":"0","isLinked":false},"_padding":{"unit":"px","top":"0","right":"0","bottom":"0","left":"0","isLinked":false},"__globals__":{"fieldBackgroundColor":"globals\/colors?id=2917cd6","fieldBorderColor":"globals\/colors?id=2917cd6","buttonBackgroundColor":"globals\/colors?id=primary"}},"elements":[],"isInner":false,"widgetType":"wpforms","elType":"widget"},{"id":"4741cdc","settings":{"editor":"<p>Erstellt mit dem <a href=\"https:\/\/gruenerator.de\">Gr\u00fcnerator<\/a>.<\/p>","typography_typography":"custom","typography_font_size":{"unit":"px","size":14,"sizes":[]},"typography_font_weight":"400","__globals__":{"text_color":"globals\/colors?id=text"}},"elements":[],"isInner":false,"widgetType":"text-editor","elType":"widget"}],"isInner":true,"elType":"container"}],"isInner":false,"elType":"container"}],"settings":{"template":"elementor_header_footer","eael_ext_toc_title":"Table of Contents"},"metadata":{"classic-editor-remember":"block-editor","wptr_hide_title":"0","stackable_optimized_css":"","stackable_optimized_css_raw":"s:13:\"s:6:\"a:0:{}\";\";","cmplz_hide_cookiebanner":"","ao_post_optimize":"s:213:\"s:204:\"a:6:{s:16:\"ao_post_optimize\";s:2:\"on\";s:19:\"ao_post_js_optimize\";s:2:\"on\";s:20:\"ao_post_css_optimize\";s:2:\"on\";s:12:\"ao_post_ccss\";s:2:\"on\";s:16:\"ao_post_lazyload\";s:2:\"on\";s:15:\"ao_post_preload\";s:0:\"\";}\";\";"}}