[{"term_id":85,"name":"A59","slug":"a59","taxonomy":"post_tag","description":"","parent":0},{"term_id":86,"name":"Alfter","slug":"alfter","taxonomy":"post_tag","description":"","parent":0},{"term_id":87,"name":"Bad Honnef","slug":"bad-honnef","taxonomy":"post_tag","description":"","parent":0},{"term_id":88,"name":"Bezirksverband","slug":"bezirksverband","taxonomy":"post_tag","description":"","parent":0},{"term_id":89,"name":"Bonn","slug":"bonn","taxonomy":"post_tag","description":"","parent":0},{"term_id":90,"name":"Bornheim","slug":"bornheim","taxonomy":"post_tag","description":"","parent":0},{"term_id":91,"name":"BTW21","slug":"btw21","taxonomy":"post_tag","description":"","parent":0},{"term_id":92,"name":"Corona","slug":"corona","taxonomy":"post_tag","description":"","parent":0},{"term_id":93,"name":"Covid 19","slug":"covid-19","taxonomy":"post_tag","description":"","parent":0},{"term_id":94,"name":"Demokratie","slug":"demokratie","taxonomy":"post_tag","description":"","parent":0},{"term_id":95,"name":"Demonstrationen","slug":"demonstrationen","taxonomy":"post_tag","description":"","parent":0},{"term_id":96,"name":"DirektkandidatInnen","slug":"direktkandidatinnen","taxonomy":"post_tag","description":"","parent":0},{"term_id":97,"name":"Ehrenamt","slug":"ehrenamt","taxonomy":"post_tag","description":"","parent":0},{"term_id":98,"name":"Eitorf","slug":"eitorf","taxonomy":"post_tag","description":"","parent":0},{"term_id":99,"name":"Energiewende","slug":"energiewende","taxonomy":"post_tag","description":"","parent":0},{"term_id":100,"name":"Erststimme","slug":"erststimme","taxonomy":"post_tag","description":"","parent":0},{"term_id":101,"name":"Europawahl","slug":"europawahl","taxonomy":"post_tag","description":"","parent":0},{"term_id":102,"name":"Feuerwehr","slug":"feuerwehr","taxonomy":"post_tag","description":"","parent":0},{"term_id":103,"name":"Flugl\u00e4rm","slug":"fluglaerm","taxonomy":"post_tag","description":"","parent":0},{"term_id":104,"name":"Fraktion","slug":"fraktion","taxonomy":"post_tag","description":"","parent":0},{"term_id":105,"name":"Gesch\u00e4ftsstelle","slug":"geschaeftsstelle","taxonomy":"post_tag","description":"","parent":0},{"term_id":106,"name":"GJ","slug":"gj","taxonomy":"post_tag","description":"","parent":0},{"term_id":107,"name":"Gr\u00fcne","slug":"gruene","taxonomy":"post_tag","description":"","parent":0},{"term_id":108,"name":"Gr\u00fcne Jugend","slug":"gruene-jugend","taxonomy":"post_tag","description":"","parent":0},{"term_id":109,"name":"GR\u00dcNE NRW","slug":"gruene-nrw","taxonomy":"post_tag","description":"","parent":0},{"term_id":110,"name":"Haushalt","slug":"haushalt","taxonomy":"post_tag","description":"","parent":0},{"term_id":111,"name":"Hennef","slug":"hennef","taxonomy":"post_tag","description":"","parent":0},{"term_id":112,"name":"Horst Becker","slug":"horst-becker","taxonomy":"post_tag","description":"","parent":0},{"term_id":113,"name":"Klimawandel","slug":"klimawandel","taxonomy":"post_tag","description":"","parent":0},{"term_id":114,"name":"KMV","slug":"kmv","taxonomy":"post_tag","description":"","parent":0},{"term_id":115,"name":"K\u00f6ln","slug":"koeln","taxonomy":"post_tag","description":"","parent":0},{"term_id":116,"name":"Kommunalpolitik","slug":"kommunalpolitik","taxonomy":"post_tag","description":"","parent":0},{"term_id":117,"name":"K\u00f6nigswinter","slug":"koenigswinter","taxonomy":"post_tag","description":"","parent":0},{"term_id":118,"name":"Kreis Euskirchen","slug":"kreis-euskirchen","taxonomy":"post_tag","description":"","parent":0},{"term_id":119,"name":"Landtagswahl","slug":"landtagswahl","taxonomy":"post_tag","description":"","parent":0},{"term_id":120,"name":"LDK","slug":"ldk","taxonomy":"post_tag","description":"","parent":0},{"term_id":121,"name":"Lohmar","slug":"lohmar","taxonomy":"post_tag","description":"","parent":0},{"term_id":122,"name":"LTW22","slug":"ltw22","taxonomy":"post_tag","description":"","parent":0},{"term_id":123,"name":"L\u00fcdenscheid","slug":"luedenscheid","taxonomy":"post_tag","description":"","parent":0},{"term_id":124,"name":"Meckenheim","slug":"meckenheim","taxonomy":"post_tag","description":"","parent":0},{"term_id":125,"name":"Meindorf","slug":"meindorf","taxonomy":"post_tag","description":"","parent":0},{"term_id":126,"name":"Mittelrhein","slug":"mittelrhein","taxonomy":"post_tag","description":"","parent":0},{"term_id":127,"name":"Mobilit\u00e4t &amp; Co","slug":"mobilitaet-co","taxonomy":"post_tag","description":"","parent":0},{"term_id":128,"name":"Nachtflugverbot","slug":"nachtflugverbot","taxonomy":"post_tag","description":"","parent":0},{"term_id":129,"name":"Nahmobilit\u00e4t","slug":"nahmobilitaet","taxonomy":"post_tag","description":"","parent":0},{"term_id":130,"name":"Neunkirchen-Seelscheid","slug":"neunkirchen-seelscheid","taxonomy":"post_tag","description":"","parent":0},{"term_id":131,"name":"Niederkassel","slug":"niederkassel","taxonomy":"post_tag","description":"","parent":0},{"term_id":132,"name":"\u00d6PNV","slug":"oepnv","taxonomy":"post_tag","description":"","parent":0},{"term_id":133,"name":"OV-Eitorf","slug":"ov-eitorf","taxonomy":"post_tag","description":"","parent":0},{"term_id":134,"name":"Radverkehr","slug":"radverkehr","taxonomy":"post_tag","description":"","parent":0},{"term_id":135,"name":"Raumordnung","slug":"raumordnung","taxonomy":"post_tag","description":"","parent":0},{"term_id":136,"name":"Rhein und Sieg","slug":"rhein-und-sieg","taxonomy":"post_tag","description":"","parent":0},{"term_id":137,"name":"Rhein-Sieg","slug":"rhein-sieg","taxonomy":"post_tag","description":"","parent":0},{"term_id":138,"name":"Rhein-Sieg-Kreis","slug":"rhein-sieg-kreis","taxonomy":"post_tag","description":"","parent":0},{"term_id":139,"name":"Rheinbach","slug":"rheinbach","taxonomy":"post_tag","description":"","parent":0},{"term_id":140,"name":"S13","slug":"s13","taxonomy":"post_tag","description":"","parent":0},{"term_id":141,"name":"Sankt Augustin","slug":"sankt-augustin","taxonomy":"post_tag","description":"","parent":0},{"term_id":142,"name":"Siegburg","slug":"siegburg","taxonomy":"post_tag","description":"","parent":0},{"term_id":143,"name":"Siegstrecke","slug":"siegstrecke","taxonomy":"post_tag","description":"","parent":0},{"term_id":144,"name":"Sozial","slug":"sozial","taxonomy":"post_tag","description":"","parent":0},{"term_id":145,"name":"Stellenausschreibung","slug":"stellenausschreibung","taxonomy":"post_tag","description":"","parent":0},{"term_id":146,"name":"Stra\u00dfenbau","slug":"strassenbau","taxonomy":"post_tag","description":"","parent":0},{"term_id":147,"name":"Swisttal","slug":"swisttal","taxonomy":"post_tag","description":"","parent":0},{"term_id":148,"name":"Termine","slug":"termine","taxonomy":"post_tag","description":"","parent":0},{"term_id":149,"name":"Troisdorf","slug":"troisdorf","taxonomy":"post_tag","description":"","parent":0},{"term_id":150,"name":"Uncategorized","slug":"uncategorized","taxonomy":"post_tag","description":"","parent":0},{"term_id":151,"name":"Verkehr","slug":"verkehr","taxonomy":"post_tag","description":"","parent":0},{"term_id":152,"name":"Wachtberg","slug":"wachtberg","taxonomy":"post_tag","description":"","parent":0},{"term_id":153,"name":"Wahl","slug":"wahl","taxonomy":"post_tag","description":"","parent":0},{"term_id":154,"name":"Wahlverfahren","slug":"wahlverfahren","taxonomy":"post_tag","description":"","parent":0},{"term_id":155,"name":"Wald","slug":"wald","taxonomy":"post_tag","description":"","parent":0},{"term_id":156,"name":"Weilerswist","slug":"weilerswist","taxonomy":"post_tag","description":"","parent":0},{"term_id":157,"name":"Windeck","slug":"windeck","taxonomy":"post_tag","description":"","parent":0},{"term_id":158,"name":"Wohnen","slug":"wohnen","taxonomy":"post_tag","description":"","parent":0},{"term_id":159,"name":"Zweitstimme","slug":"zweitstimme","taxonomy":"post_tag","description":"","parent":0}]